'attitude_pitch_fft','attitude_pitch_fft_stDev','attitude_pitch_mean','attitude_pitch_stDev','attitude_roll_fft','attitude_roll_fft_stDev','attitude_roll_mean','attitude_roll_stDev','attitude_yaw_fft','attitude_yaw_fft_stDev','attitude_yaw_mean','attitude_yaw_stDev','gravity_x_fft','gravity_x_fft_stDev','gravity_x_mean','gravity_x_stDev','gravity_y_fft','gravity_y_fft_stDev','gravity_y_mean','gravity_y_stDev','gravity_z_fft','gravity_z_fft_stDev','gravity_z_mean','gravity_z_stDev','magnetic_field_x_fft','magnetic_field_x_fft_stDev','magnetic_field_x_mean','magnetic_field_x_stDev','magnetic_field_y_fft','magnetic_field_y_fft_stDev','magnetic_field_y_mean','magnetic_field_y_stDev','magnetic_field_z_fft','magnetic_field_z_fft_stDev','magnetic_field_z_mean','magnetic_field_z_stDev','rotation_rate_x_fft','rotation_rate_x_fft_stDev','rotation_rate_x_mean','rotation_rate_x_stDev','rotation_rate_y_fft','rotation_rate_y_fft_stDev','rotation_rate_y_mean','rotation_rate_y_stDev','rotation_rate_z_fft','rotation_rate_z_fft_stDev','rotation_rate_z_mean','rotation_rate_z_stDev','user_acc_x_fft','user_acc_x_fft_stDev','user_acc_x_mean','user_acc_x_stDev','user_acc_y_fft','user_acc_y_fft_stDev','user_acc_y_mean','user_acc_y_stDev','user_acc_z_fft','user_acc_z_fft_stDev','user_acc_z_mean','user_acc_z_stDev'
1405.672894,44.433111303964758,1.4042686253746255,0.04928481907708554,823.0764399999998,33.087088598948775,0.82225418581418586,0.64680014867233981,1104.4501791084435,84.203422355182511,0.25828144955044963,2.6506530922230644,101.701626,4.0991525951224359,0.10160002597402598,0.08046130142343319,985.955284,31.148503296355461,-0.98497031368631371,0.0086819797595339733,90.301028,3.6010659123976057,-0.090210817182817191,0.069451504209071244,1149.963782845906,127.62719823518034,-0.29882879420579417,4.0229299639079583,42129.94192,1332.2443439135066,-42.08785406593406,1.9085521893637427,15564.563648,503.05275949955308,15.549014633366633,3.3592074273567021,559.6354376772796,56.378744685711965,0.039053517482517473,1.7815663755263993,968.7641236751787,105.17925954734717,-0.016603215784215794,3.3243803488328254,670.8344074507272,47.963329821590342,0.024200070929070918,1.5158770922469877,155.7346802413929,11.376928043490608,0.014955901098901101,0.35931276575772914,1033.1537270194087,67.108595737623688,-0.033861605394605407,2.1215584749280585,217.8993914824323,23.210901281336064,-0.011115177822177821,0.73372895004354322
1425.088395,45.085984107850642,1.425088395,0.058690600394177048,685.025114,34.776060674679464,0.68502511399999999,0.86098980137041992,664.051332688596,79.809662009653252,0.33026549399999999,2.5037992210709894,69.516661,3.7010406745198026,0.069516660999999993,0.094556199218824757,987.700558,31.220595297440298,-0.98770055800000001,0.0087662609626131954,75.493049,3.2521864443026631,-0.075493048999999993,0.069986485725392719,2063.0902735680606,166.99745996539585,1.7696271139999999,4.985706421625137,42397.76586,1340.7099100314479,-42.39776586,1.2993627950998561,15845.967697,512.16973191276759,15.845967697000001,3.3731420210615082,556.3102723952471,61.032587981548048,0.044290517000000001,1.9295123600604123,1451.441098497867,116.89009602630517,-0.028608300999999982,3.6991602820427421,463.0364659104449,47.664748030873078,0.067161497000000001,1.5061035433512775,139.720887588906,11.886068732604905,0.041237823,0.3740925764517089,777.9038586898109,68.104488962304728,-0.053830505999999993,2.1532892673014259,207.12768064051355,24.259685237199982,-0.014705398999999996,0.76704336266854822
1446.202354,45.732308423619976,1.4447575964035964,0.06571278785740986,451.80311900000004,36.117205210487171,0.45135176723276721,1.0485971359219017,853.191267419999,72.728377616718817,-0.16905359940059944,2.2942018465801981,34.1165579363645,3.1043733496731676,0.022483699300699302,0.095511175013994754,990.922827,31.305850260674617,-0.98993289410589425,0.010283945373655332,72.121026,3.2103951220841966,-0.072048977022977023,0.071471541602902172,3515.522913999999,296.32619575170099,-3.5120109030969027,8.6828603311265216,40900.436993,1296.4226084125698,-40.859577415584418,3.3306275277095296,15411.113256,505.62139875289614,15.395717538461538,4.3272538074200568,672.9652911206712,62.727809074161115,0.053003608391608399,1.9821313935016684,1031.8486892958358,111.49549414431925,0.06033013186813186,3.5246351933873159,714.0311803992887,49.031307110872504,0.059103574425574422,1.5494574937916186,110.63309237900688,12.075813971215771,0.059148007992008006,0.37720610583202518,1106.3649832788196,69.438777765380038,-0.024841798201798201,2.1949079639776037,256.35232169664596,22.949614800592929,-0.020562730269730264,0.72513254780003789
1453.6264359999998,45.978372314035546,1.453626436,0.057615275301068414,351.49622,37.67211423990851,0.35149621999999997,1.1382647215545045,662.7950328364269,72.257901810462769,-0.40458337199999994,2.2495599052980593,28.763461005520384,2.8719873574430994,0.017185469999999994,0.089179508460279708,991.4975059999999,31.338890894511515,-0.99149750600000008,0.0075533329494974592,62.884327,2.9369329611965949,-0.062884327000000004,0.068358231269365577,7654.596526,339.23553715035985,-7.6545965260000006,7.5407671966167467,42001.53967,1328.5140326630335,-42.00153967,1.6503290468560334,14170.68124,458.52317430057366,14.170681239999999,3.0970753728988081,597.4810910661911,58.010892836709239,0.039263507000000003,1.8342760231577608,941.2094579749868,110.48792781335104,-0.08432107400000001,3.4930281047136922,536.6486148428439,45.415228747779217,0.016901307999999997,1.4365581678129031,125.83494743848107,12.16022021729265,0.045764131000000006,0.38187694213920775,930.9596217473082,68.001356080484996,-0.022375449000000009,2.1506272340090011,218.5461092808765,22.861107921722095,-0.025680705999999998,0.72249619793267816
1453.070715,45.968737514175842,1.4530707149999997,0.060614117531774522,310.52051714738343,35.227309728137939,0.19097278899999998,1.0978349339874753,556.2585591661668,68.214355798635623,-0.54683327400000004,2.0889354455637279,34.48692609861056,2.8635839248241006,-0.0043753930000000061,0.090539791527496638,991.259542,31.332152416605403,-0.99125954199999999,0.0089360297849904232,69.97978900000001,3.0159780759741941,-0.069979789000000014,0.064891527249499065,2004.4404969999998,173.45255164392935,-2.004440497,5.107399321907379,41697.490813000004,1318.9297000271101,-41.697490812999995,1.6689725843241283,15622.725210999999,503.38470531414373,15.622725211000001,3.0912223527739249,470.13221128340876,56.397943148530565,0.042565617999999979,1.7834253590639599,1211.9893595074193,101.02587010937133,0.00089879500000001049,3.1970140680543153,550.5688001989101,48.002076021539693,0.07291362500000001,1.5162665367459101,174.0732837005198,12.93732482750746,0.071048109000000012,0.40330433355723955,801.5962591754886,67.667368107208787,-0.048493948999999995,2.1394559948974146,226.78410557995142,21.086850133202162,-0.0036376410000000005,0.66682258114668258
1442.1227099999999,45.601452544928939,1.4406820279720278,0.060644676957256248,266.34315091104963,30.889692933204206,0.19109103396603397,0.95798311981389761,1086.235866,73.194356818634617,-1.0851507152847153,2.0433743458379929,27.301029407086556,2.6830567008535251,0.0033069610389610394,0.084937875186387263,990.7178419999999,31.299723273219957,-0.98972811388611392,0.0091863317360224225,91.646097,3.6233294641089433,-0.091554542457542451,0.06889299624477703,2628.551308,149.25275823366968,-2.6259253826173827,3.9594473868993028,42040.535690000004,1329.6494679073307,-41.998537152847149,2.0242728985668594,16394.79097,526.51673146013593,16.378412557442559,2.9857950277705863,518.4478966143238,56.297538500243306,0.048627992007992012,1.7794531450174846,981.4561776853207,100.46861027397651,-0.033504833166833149,3.1791887252504587,586.1169221869316,43.635019703389268,-0.0040032647352647383,1.3807840199114625,118.93578532175518,12.362538986421399,0.073182564435564437,0.3840513477446702,1017.8885061369928,64.505568189498817,-0.019599490509490509,2.0390188919674626,235.5559913857455,21.985139539506452,0.014714474525474523,0.69489132966538414
1423.398866,45.027440026646673,1.4233988660000001,0.059701233643652991,165.8313432191914,20.147797420356099,0.11984017399999999,0.62727103531833961,1851.3712639999999,74.957691793553124,-1.8513712640000002,1.4826277433590571,26.23688641807347,2.4660554124287231,0.0020800319999999982,0.078019425109193005,987.396862,31.20984036374016,-0.9873968620000001,0.0095531749131352161,123.932452,4.3433224654960858,-0.12393245200000001,0.059207927545892838,2292.693607,158.39487655966207,-2.2926936070000004,4.4537429150825849,39789.847460000005,1264.7377972742288,-39.789847460000004,4.22354879924056,15821.09238,510.30657358944785,15.82109238,3.2493119321014352,527.3164300626435,58.702693164210935,0.010598537999999996,1.8565485670951289,1156.3779001870903,104.17825919117421,0.0036794740000000025,3.2944589631509471,530.6731779003225,45.576307083349356,0.039155567999999995,1.4411614858082489,154.93094134400613,12.504703526714696,0.093293607000000014,0.38485730488663528,787.7581791187223,63.983834760489493,-0.045066266999999993,2.0234691905096254,229.152461176223,22.642908196154682,0.048163124999999994,0.71441374352305365
1415.4992180000002,44.828860380650667,1.4154992179999999,0.089272787123840125,483.324738,27.326207554957325,-0.48332473799999998,0.71633021337234093,1390.822652,55.143962238174922,-1.3908226519999998,1.053928487150124,82.581052,4.0084056539982322,-0.082581052000000002,0.096166280056469364,984.049299,31.107461104371296,-0.98404929900000004,0.017165973717840739,104.060034,3.9062162137160299,-0.104060034,0.066754843584663159,7048.34856,264.18267187302405,-7.04834856,4.4870373978293818,41487.24920600001,1314.0361875869601,-41.487249206000001,2.6537074231164923,16634.64038,534.6426430471198,16.634640379999997,3.0532843252704653,531.6404406659346,59.336879015188515,0.072556656999999983,1.8753468428279376,799.7927474749525,111.51618807163192,-0.03601064599999998,3.5263430750712996,485.2926419741854,50.578531776873568,0.042338623999999991,1.5988978328042103,157.85288332028088,14.293523027629471,0.106053259,0.43950944361770194,782.4502512191178,66.416222324649311,-0.025692547999999999,2.1002285936265879,216.3595025976234,24.17569234304672,0.034228668999999996,0.76373887517987282
1416.455818,44.826881623289239,1.4150407772227771,0.086371107766049782,293.459437,30.272118898132703,-0.29316627072927071,0.91172112224890944,1453.185719,61.089726486600561,-1.4517339850149851,1.2762444434916014,61.863698,3.8428250883303283,-0.061801896103896102,0.10456658014461434,985.2103200000001,31.127673916461543,-0.98422609390609395,0.016153696908366377,104.76928099999999,4.0373973176124247,-0.10466461638361638,0.073004747007075668,4813.840816,238.17209108017599,-4.8090317842157839,5.7919480021865022,41224.848805999995,1305.0175161448278,-41.183665140859134,2.6075809177299361,16132.859261000001,522.35883290333811,16.116742518481516,3.6344894771869813,703.3087467878519,61.242629865497655,0.031195466533466529,1.9356345624774967,831.6155173675301,121.07423029946207,-0.020967182817182829,3.8285355865417268,752.8126524141577,51.720815961054065,0.044689872127872128,1.6342138279918321,125.48885304874578,14.678340599247928,0.10655798601398601,0.45165448705190087,1040.7171039221305,69.111179573724215,-0.023589923076923081,2.1847089888682834,262.29507861637404,25.707812134301314,0.018472630369630372,0.81245936574501154
1424.780689,45.112951098532079,1.4247806890000001,0.085115800951152884,289.973064,23.748281835889625,-0.289973064,0.69363520693338654,1638.2151800000001,61.009857427091141,-1.6382151800000002,1.0196104356358833,58.418341999999996,3.4325145983185563,-0.058418342000000012,0.0915621960056935,985.793708,31.161797303906734,-0.98579370799999988,0.015833799528500291,109.929012,4.0199772699361134,-0.10992901200000001,0.063869518639080539,2248.416946,170.38165132586661,-2.2484169460000003,4.898782336115219,41932.685313,1327.6427595075202,-41.932685313,2.3842874102776555,16714.992236,537.93569092385883,16.714992236000001,3.211943597498514,697.2522145222451,61.490482130159663,0.038299433000000008,1.9449888391081835,864.3513108205237,112.77764891232516,-0.028872490000000001,3.5760741265587468,758.1643255537431,50.379029376310314,0.038109955000000008,1.5947109077137025,138.18511921739224,12.875444888907333,0.10438491700000001,0.39365237109335199,1009.2902574704187,67.841887756044457,-0.044787150000000005,2.1448839946301841,240.27846475383132,21.572881021246186,0.026338957999999999,0.68422428976668337
1432.808009,45.323225292626574,1.4313766323676322,0.072815687381140096,179.51977411658413,23.533849417283808,-0.11186102297702295,0.73548079586580584,1694.816354,67.175966948673548,-1.6931232307692308,1.2839441184813494,32.03013576379461,2.7557915933145236,-0.027276075924075927,0.08274303351146578,988.6665429999999,31.235369644812124,-0.98767886413586414,0.01178450944336258,111.30194800000001,4.0935659065693581,-0.11119075724275725,0.066315871074107843,1429.4431825587196,140.67024989495488,-0.48180041958041953,4.4269464027401373,42521.374202,1344.276103373179,-42.478895306693303,1.664568357090056,16568.460021000003,532.64083971902744,16.551908112887112,3.1080463111731551,670.5086937539735,60.994600837923791,0.062594109890109897,1.9268699875334852,1182.577909141626,116.28865358422424,0.0056146243756243757,3.6755328317132552,656.1478397729925,45.771250507527874,0.066134060939060949,1.4455346825328619,128.70751701570092,12.81328826276499,0.11735180019980021,0.38837822295781238,989.0413218546776,68.242435667650611,-0.046736946053946064,2.1566071727487839,244.64998128413603,21.771445537545986,0.036415901098901103,0.68726043813486881
1412.320651,44.726714496327503,1.4123206509999999,0.09067218495704843,431.804262,24.12220976028954,-0.43180426199999999,0.62883304764937364,1535.393053,55.91074400249569,-1.535393053,0.87919018873504962,77.092136,3.8210502911289983,-0.077092135999999992,0.093044240877893689,983.429016,31.087513820868789,-0.9834290160000001,0.01732922783172245,115.69988099999999,4.2386365161918516,-0.115699881,0.067676863572278811,3301.631158,186.46138413917726,-3.3016311579999997,4.8854617749762719,42914.378829,1357.149308510152,-42.914378829,1.3712308242102225,16296.185612,524.66823239055293,16.296185611999999,3.1830538336082426,681.3747289393574,65.260950885114852,0.058132331000000009,2.0631627847628753,977.8540104044216,115.68225227742388,-0.020283087999999991,3.6581795079690353,677.2115969601821,50.564124063796086,0.095129243000000002,1.5961456995605965,146.110725,13.122436367749586,0.146110725,0.38914468307589067,1010.0196755155542,69.283630818983625,-0.056991044999999997,2.1906201419133886,243.33914801946864,21.88531286541307,0.027634999999999996,0.69154314103689585
1401.0123410000003,44.373048716270546,1.4024147557557558,0.078005292577070937,524.2691299999999,24.313492672361374,-0.52479392392392388,0.56306056703885621,1555.050542,53.322955550600497,-1.5566071491491491,0.65125335118007655,86.68317900000001,3.7219960517961335,-0.086769948948948947,0.079734297231112125,981.8833559999999,31.053256817255171,-0.98286622222222231,0.014491160593410407,124.91886999999998,4.4544364968578227,-0.12504391391391392,0.06512642221645,2805.7299790000006,158.63203607945621,-2.8085385175175177,4.1823750333762471,42640.50653599999,1349.4003331966076,-42.683189725725725,1.6322931744190146,15887.045089,513.12070006890235,15.902948037037037,3.301671545423845,462.85957378812543,58.768372919278782,0.039423087087087083,1.8593262290019172,635.8042123457744,99.661720003864573,-0.043098312312312335,3.1561950992406573,368.64573752623363,42.318672847431216,0.035112327327327324,1.3404024495467304,131.09026107707433,13.060175209838388,0.1266786066066066,0.39338006070764281,718.9472697709052,61.261133581697607,-0.026510057057057064,1.9384408060656375,192.58273026856276,21.672162254023071,0.014247683683683681,0.68566693366186127
1404.228007,44.425300702368567,1.4028251818181818,0.07520974613968931,221.83827499883697,21.798169040953074,-0.21932337162837168,0.65320715031543131,1811.6137720000002,63.547825026710669,-1.8098039680319677,0.87305225929593322,44.898693,3.3759781308597074,-0.044853839160839161,0.096834388765961787,984.1291729999999,31.092983255326235,-0.983146026973027,0.014125815917918684,132.43528399999997,4.6721671536176874,-0.13230298101898103,0.065814039713735839,2669.080878841507,179.76942799890674,-2.2141215824175826,5.2374874348508333,39702.511428,1256.9838464466677,-39.662848579420576,2.6656818755144465,15772.441815,507.54035732932192,15.756685129870128,3.0374221590114723,628.4939253082028,61.043422630706189,0.051997275724275718,1.9291492621318653,983.9177115402575,95.804899992543156,-0.0025506523476523449,3.0281265570579148,702.4260856952166,45.566809796488826,0.069403229770229766,1.4396208812887963,123.5690015732999,12.763081874688497,0.11099498001998002,0.38817673754387627,1033.3730085705788,64.464570701296552,-0.027103576423576425,2.0419650180099911,237.85077563850007,21.115178226297456,0.044732037962037959,0.66595003101711236
1356.4311870000001,42.938838961063361,1.3550761108891107,0.086617314972928891,192.27132985526688,18.177128650090946,-0.053086144855144866,0.57349619680720787,1900.0364610000001,65.967328936013701,-1.8981383226773225,0.86319040159747651,34.382598938481024,3.3934461797352853,-0.024599626373626372,0.10460027524897869,974.1382769999998,30.780071756383443,-0.97316511188811194,0.019205411223330037,184.75625900000003,6.4087226694735344,-0.1845716873126873,0.083473168365757563,2752.133006,191.20332783842829,-2.7493836223776222,5.3857737072339127,42750.096111000006,1351.9117788822034,-42.70738872227772,1.9166072116546813,15951.630481,515.86492831046894,15.935694786213784,3.4981473354263315,464.12350894544846,61.432787106719118,0.01828110089910091,1.9421174259747913,656.4763175885216,104.592207438928,-0.0053223896103896107,3.3095747419358155,463.77407215529246,43.886247186647218,0.019059526473526468,1.3869838545346573,142.80295685072423,13.857782691230765,0.098584657342657353,0.42743362346885128,803.3637547318166,67.636102382398349,-0.051111066933066933,2.1372617301264647,178.38165289147582,21.494397148969799,0.10037922577422577,0.67219567256680512
1338.788098,42.374575688014964,1.3374506473526475,0.081951334212661112,153.059787,16.226810480273784,0.15290688011988016,0.48956346813281049,2080.525788,71.234797574087267,-2.0784473406593404,0.86831984590248112,31.680420901928034,2.6646668811928444,0.010460135864135864,0.083572858464429745,970.6084930000001,30.669272453701915,-0.96963885414585405,0.019769654558422257,212.53137099999998,7.2315458714875067,-0.21231905194805192,0.08506712210433702,1298.0969763269572,142.65001232349263,-0.84761337962037941,4.4283546125606961,40754.222382,1289.7236173742424,-40.71350887312687,2.4663741745405736,15936.280451,517.21568551143991,15.920360090909089,3.7342871424477622,544.2894028828404,66.064011985406637,0.042440083916083921,2.0886339338258058,880.7487842901614,102.45424017323785,0.0088664685314685295,3.2392246329478067,416.38273221530466,41.960900705981153,0.071063803196803207,1.324352346285032,157.418426177503,12.491844348638034,0.10022029370629369,0.38190062637691835,729.5801378209031,61.384895108338434,-0.034638667332667329,1.9401415855786888,163.11744568439804,20.455813936760226,0.1204461978021978,0.63523460573762847
1212.082752,38.43008243583418,1.2120827519999999,0.098330713981128484,70.763739,9.1385380822926461,0.070763738999999992,0.28027844284684628,2102.1218179999996,66.87300977781463,-2.1021218179999996,0.24055136727000509,24.715696593542127,3.2335032210031893,0.022196186999999999,0.09982193240660106,931.889523,29.478373511090769,-0.93188952300000005,0.039056018880826437,334.710921,10.934804124505158,-0.33471092099999999,0.086994510461584643,3951.1999339999998,198.16438811547908,-3.9511999340000004,4.863910364926423,42900.25034499999,1357.1506836170845,-42.900250345000003,1.6928020003126083,13544.718457,450.65030343910689,13.544718456999998,4.4640387067184752,420.8826758045851,55.829479812456405,0.019929096999999993,1.7654808651151346,534.9047549029664,87.096642850516119,-0.022942523999999988,2.7551465221866525,454.48832825948347,44.189015409533212,0.020777847999999995,1.3980231253215938,113.02766597236122,13.60084972380689,0.038012969000000001,0.42841780557956277,696.6034931604873,58.6702769230073,-0.060410039000000013,1.8543588612402679,236.77234900000002,21.538661156851251,0.23677234900000002,0.63892634577753271
1256.9232799999997,39.836194201452116,1.2581814614614615,0.084054881502948667,150.67520705749536,14.809706114745397,0.090348687687687668,0.460075944446315,2327.2675310000004,74.284792322699488,-2.3295971281281278,0.32193671474636015,35.919369356667495,4.0420602997751054,0.027644311311311304,0.12496216494138143,947.2309179999999,29.965598712148683,-0.94817909709709702,0.026389350528250682,276.34433200000007,9.1501167491820041,-0.27662095295295297,0.085796819966238308,4142.307387759108,311.67827166726516,2.7529236646646646,9.4701092395892434,41651.20070000001,1319.055086958859,-41.692893593593595,2.2533343377430239,15202.578198999998,507.73640780141358,15.217795994994995,5.1752535278439362,712.6638038527146,63.142370994028411,0.042452729729729737,1.9972891905312877,1001.4907824970728,108.05842424297505,-0.12939752352352352,3.4163783417433944,526.4434799062238,46.065052958341447,0.095467980980980999,1.4543629909667772,132.82476569769852,14.714140451453806,0.068308526526526525,0.46084432319643848,989.2679828379572,62.929079358395484,-0.080514075075075076,1.9895929760565045,270.805915551058,24.74315474509703,0.19925428028028028,0.75706432620550057
854.4110279999996,31.127459880395911,0.85270561676646706,0.49108346674570597,478.56338,23.613636322310736,-0.47760816367265468,0.57365936314921739,1132.9647730000002,78.287320142579787,-1.130703366267465,2.2007112395704085,297.11737899999997,13.934035578376422,-0.29652433033932141,0.32548703539847279,671.4526829999999,23.730370719030553,-0.67011245808383235,0.33730659041991951,402.9719620000001,15.611283834514863,-0.40216762674650702,0.28559813366159176,9124.8051523541,685.38766991275418,-1.6879127704590813,21.58647928987191,37142.642276,1196.0926345694943,-37.068505265469064,7.4830942738883941,9949.832100125624,642.33330519139679,-4.575108630738522,19.769881728529661,486.3244657644778,68.386695853299329,-0.0094154970059880036,2.1604024026615267,437.31359576824644,76.205653102487815,-0.025650367265469046,2.4113320143619461,364.0042056576104,57.206509759685332,-0.099464853293413175,1.8071517911425303,142.6499211842375,17.515569343941351,0.032805070858283429,0.55259317266352947,503.21261524569917,40.44456569724111,-0.066140364271457086,1.2760177190358428,134.4960926025421,19.626205271757787,0.054927303393213577,0.61757774797546172
1344.179919,42.552310647509657,1.3441799190000001,0.074119139804334211,177.05975694600278,14.598795217951752,0.083927247999999996,0.45414111313938371,932.1363745819895,89.458925795113771,-0.28153111299999994,2.8162060354422462,40.78974642327944,3.0748241593227728,0.0017025080000000008,0.097289045849334635,971.761929,30.719938151736066,-0.97176192900000002,0.017488628711021314,201.930563,6.7698481325638333,-0.20193056300000001,0.071616201802120388,14267.445896,472.80965403420032,14.267445896,4.4927587684926538,41894.568535,1325.6478818171804,-41.894568534999998,1.9589040474675414,8809.174056,327.09919829658264,8.8091740559999998,5.4253134932726086,622.4444666001374,57.40586292787799,0.087552395000000005,1.8133372433715254,808.1446180099769,103.13146495257044,-0.05801232999999998,3.2631972440448975,410.2676854163843,47.820953903774871,0.017940644000000006,1.5121680626778571,154.93083211969366,15.513129573012561,0.040167250999999994,0.48909986610859341,829.419181660352,68.192438839505598,-0.024375050000000006,2.1563051284367214,237.45167695031702,22.199733362738815,0.095523210999999997,0.69553346521437232
1352.6072110000002,42.799047780531396,1.351255955044955,0.074538529342283555,343.5971571304348,24.409942471460024,-0.17713300599400597,0.75100641612210439,828.5747350351791,86.48199279678613,0.3856498171828171,2.7076649450575609,50.58020725954126,3.8796217577566758,-0.0285977002997003,0.11930170933060802,974.264188,30.783660856728037,-0.97329089710289707,0.016778867744803402,170.176755,6.1085829368842175,-0.17000674825174827,0.092034255967118783,15447.305889,522.91290548015866,15.431874014985015,5.9409842498366592,41593.964166000005,1317.5450910051061,-41.552411754245753,3.050188194420004,8066.951553661899,468.20394080522766,-0.75066814685314776,14.780370631002487,472.3335807143052,55.570076415450892,0.069315756243756257,1.7572804329433713,671.0092024233675,101.85011180286516,-0.17106823076923078,3.2206963994501256,448.1795296640493,44.273667109194498,-0.0048806443556443559,1.3997366842959285,151.0494263361666,14.923560131462601,0.053699659340659338,0.46875191204157263,891.1871740443305,66.589186616700246,-0.064139355644355647,2.1038826205558232,214.9030499330391,21.844425388401778,0.064514389610389605,0.68922002390008896
1385.9801670000002,43.884013306694641,1.385980167,0.080529351493806967,1287.392188,43.329997925892329,-1.2873921880000001,0.47056845970376582,936.5227410000001,86.284857475508261,0.93652274099999988,2.5643421174984913,163.093265,5.7246655544669158,-0.16309326499999999,0.079021388588588939,979.793172,30.973369297919952,-0.97979317200000005,0.016388984514374767,49.85109,2.6227076754102812,-0.049851090000000001,0.066391366467424814,12367.06575,422.2388905191882,12.367065750000002,5.0421118536763929,41307.071110000004,1306.4854558398654,-41.307071110000003,1.539145981043246,19273.303156,623.44914223139085,-19.273303156000001,4.2125109154226994,612.8176491666109,64.235586422211341,0.047248688999999996,2.0310033199650865,1215.1687149619304,116.9259968609785,-0.033630117000000029,3.698895632233441,355.4923072281903,44.795665457737229,0.030167102000000001,1.4163530752201035,225.73938299999998,15.691001526351016,0.22573938300000002,0.4420428368712,745.6226822630622,70.825796937523819,-0.0010893189999999927,2.2398602458111574,214.35048216883803,22.210558700813831,-0.047792829999999994,0.70139595620228168
1356.072547,42.948724657563297,1.3560725469999999,0.086684158728846133,1269.932934,41.451030247029642,-1.2699329339999998,0.32662812370395733,1200.102967243486,89.049642145624617,0.96999295800000007,2.6448887989674428,194.500193,6.6428180692187402,-0.19450019299999999,0.079569091712333576,973.382114,30.772451981352884,-0.97338211399999996,0.020686480134836954,63.215381,2.8158756842660866,-0.063215381000000001,0.062781906079075356,9951.331763,354.98071510744734,9.9513317630000007,5.1957799908389752,41612.948403999995,1316.5948687711375,-41.612948403999994,1.7720964533725123,19554.616851,630.81659842987619,-19.554616851000002,4.024256641785807,863.0269219877888,61.583401611901735,0.074312008000000013,1.9501119745518445,911.4706578687916,105.68024011059941,-0.013874403999999974,3.3505235715465966,602.6528108896202,46.050587485792491,0.027768814000000003,1.4585243304141453,223.115882,15.476104709059864,0.22311588199999999,0.43585193364074004,1078.852414442514,67.396498449229867,-0.046722403999999995,2.1307523830146069,299.4785036933459,21.374866208913026,-0.040078284000000006,0.67595498952607147
1348.620151,42.67889695473599,1.3472728781218779,0.080413054664504907,1348.8416940000002,43.842591506720851,-1.3474941998001997,0.32710557619698394,1106.786196,88.485210967744592,1.1056805154845155,2.5706405138096473,205.69187499999998,6.9460092319955207,-0.2054863886113886,0.077492037093774266,972.9561,30.742773863939018,-0.97198411588411604,0.019723665385984905,49.92306200000001,2.5758166760295662,-0.049873188811188809,0.06434959035377473,7698.381633999999,301.4791485731451,7.6906909430569446,5.6407165057897632,42650.53989,1348.9585607326628,-42.607931958041959,2.0691672389547215,21026.476617,678.86200017129079,-21.005471145854145,4.4024073046165837,659.3151384426361,62.313710639354447,0.06551168131868132,1.968958157767416,1160.4181387569474,120.30207323025904,-0.0878344895104895,3.8026353367708676,366.1711993980628,46.209643012111947,0.029080588411588417,1.4605201575073323,247.596186,17.691817765743576,0.24734883716283715,0.50201823278287816,845.0562727599913,70.837517255909063,-0.040425536463536464,2.239014459074256,244.6383872638421,22.898531400161996,-0.053318103896103898,0.7218503258440313
1340.3132070000001,42.433528351157264,1.3403132069999999,0.077138728906938514,1473.131434,47.647918532871451,-1.4731314339999999,0.31825473592484943,1736.491956,85.833592311312955,1.7364919559999998,2.0876305864238676,216.88430800000003,7.2589968717063122,-0.21688430800000003,0.075460759216689141,970.669061,30.685625879824354,-0.97066906100000006,0.018846680691444819,24.717767000000002,2.1677935218332021,-0.024717767000000002,0.064049045771164395,2408.746554,179.4912927326132,2.4087465540000004,5.143719693743563,40415.590001000004,1278.8785401911239,-40.415590001000005,1.9698203111685346,23660.502947999998,755.88024138794071,-23.660502948000001,3.4981484416983775,596.0418763502694,62.383190797073759,0.094494255999999985,1.9710430710344053,1049.6410527259602,116.86635240228365,-0.045161823999999996,3.699507090942737,475.0392911260443,46.430851805686785,-0.0081410349999999979,1.4688167064147719,275.90047000000004,18.212949142354432,0.27590047000000001,0.50602129367386228,792.6764847753902,68.196958640815083,0.0023159900000000013,2.156923669530761,228.97094236232425,22.188892568808743,-0.093079105999999995,0.69549535978953647
1361.430069,43.119539041567883,1.360069999000999,0.099064497912190547,1065.674586,55.701558562983138,-1.0646099760239758,1.4023859259757525,594.04,88.141915258702852,0.5934465534465535,2.7227895032757878,81.100607,5.8004990661412927,-0.081019587412587413,0.16447538866401995,974.078367,30.780453125992427,-0.97310526173826173,0.02335362920640632,49.081438850608706,4.3494740098450988,-0.0047017402597402608,0.13741299932356971,4304.490394,308.47628765993954,4.3001902037962036,8.7572997606997038,42070.786249,1331.8959396811476,-42.028757491508486,2.671192268009722,16184.684377999998,638.5044200640981,-16.168515862137859,12.094710203428191,486.8870855268368,57.58953625398923,0.071450412587412596,1.8189247143448186,524.7689790943526,96.250025172381143,-0.39336581518481517,3.0176202183626097,316.47567000699496,41.333753740999086,0.021567261738261737,1.3065933873093383,125.19246899999999,13.614467755706208,0.12506740159840157,0.41175054689481394,679.5832234963161,64.366327838442757,-0.039169900099900103,2.0340943651933578,168.51929657153354,20.051228853494642,-0.11182464235764235,0.62393389449179015
1350.403097,42.748623487657021,1.3504030970000001,0.072994175438082662,1237.055456,42.222425591639265,1.237055456,0.50316282313198191,832.4075392833322,89.619441503168574,0.0069744269999999914,2.8357287748105429,184.13295399999998,6.2856867184870877,0.18413295400000002,0.075337320583890449,973.216419,30.765982965806256,-0.973216419,0.01652256686055284,63.378112,3.59783950803034,-0.063378111999999986,0.094759587129532474,3092.739808,214.36284100825159,-3.0927398079999993,6.0506269314552803,42027.182753,1329.6042019422546,-42.027182752999998,1.9132793848342948,14428.568099,467.04313952369273,14.428568099,3.1665634041747772,502.0434520766558,52.167778854440051,0.049104147000000015,1.6489723890177468,779.4105159319834,97.676774121246993,0.015914530000000007,3.0890917783014786,342.7190313185934,36.761577041146431,0.041241859000000006,1.1629720493925695,125.079211,12.242596413700117,-0.125079211,0.36638524195545935,926.6058896611563,62.619539610672433,-0.044964307000000002,1.9797397347238908,198.6837348762295,18.258970797471715,0.0066471649999999957,0.57736441081532885
1402.132786,44.352837092999387,1.4007320539460542,0.07012502607415691,1199.4386960000002,51.772003526586772,1.1982404555444555,1.1154433600426206,698.8357688193288,84.271029867721921,0.1265168571428571,2.6621373590529944,131.492972,5.0796793503627793,0.13136161038961039,0.092626395642820256,984.1371509999999,31.092946845396153,-0.98315399700299699,0.012429464760992173,31.466906824932305,2.7249730800635446,-0.016102622377622375,0.084610130386846574,8820.028858,387.78466472706043,-8.8112176403596418,8.5199538955889018,40915.044585999996,1293.4881812819015,-40.874170415584416,1.5564485856883068,12901.770157,451.62423558426423,12.888881275724275,6.1583869554429223,587.9035586564382,58.646558465170372,0.048094496503496509,1.8544020736144986,713.9038261872971,105.03648367222692,0.094830072927072934,3.3191488702969831,409.05981772011603,45.331225096845358,0.061936155844155835,1.4319117819768827,120.06812818673563,14.332446087501747,-0.085136764235764245,0.444959204365033,817.1454564556536,67.083724195002986,-0.02902233166833167,2.1239383281266058,225.6265599702281,22.05522162735949,-0.042422227772227782,0.69672663512186317
1429.927201,45.230196160842432,1.4299272009999999,0.057393150759934751,623.2224825256009,83.535693819447459,0.08000359700000001,2.6418953861151429,658.3480269837137,81.767424149412719,-0.0093630950000001007,2.5866551358583454,25.773707540078085,2.3581608766027817,-0.0046543929999999997,0.074431525156687134,988.4635030000001,31.243047620815375,-0.98846350299999997,0.0078194258043663926,115.80831500000001,4.1606554690830864,0.11580831500000001,0.06249384551310453,20087.726916,654.6806277647953,-20.087726916000001,5.0749117425535006,39545.89737199999,1253.9312178089008,-39.545897371999999,3.1831508836764915,9889.128132999998,331.11744463472519,-9.8891281329999998,3.4435813928449375,495.1286437755325,57.397126655705328,0.037141226999999999,1.8159644146138409,706.7419836282004,101.90099609923971,0.008671013999999996,3.2224746638001864,446.608975482038,38.895818924190522,0.033550496000000013,1.2295367444874497,155.75870844109272,12.374821971345161,0.051762000000000002,0.38788827481455018,894.1462473155542,60.93765470764658,-0.020471311999999992,1.9270382536455941,230.22894770494523,21.245267903759647,-0.204571222,0.64045520244154985
